# ************************************************************
# Sequel Pro SQL dump
# Version 4096
#
# http://www.sequelpro.com/
# http://code.google.com/p/sequel-pro/
#
# Host: 127.0.0.1 (MySQL 5.6.24)
# Database: trackplus
# Generation Time: 2016-01-24 20:57:04 +0000
# ************************************************************


/*!40101 SET @OLD_CHARACTER_SET_CLIENT=@@CHARACTER_SET_CLIENT */;
/*!40101 SET @OLD_CHARACTER_SET_RESULTS=@@CHARACTER_SET_RESULTS */;
/*!40101 SET @OLD_COLLATION_CONNECTION=@@COLLATION_CONNECTION */;
/*!40101 SET NAMES utf8 */;
/*!40014 SET @OLD_FOREIGN_KEY_CHECKS=@@FOREIGN_KEY_CHECKS, FOREIGN_KEY_CHECKS=0 */;
/*!40101 SET @OLD_SQL_MODE=@@SQL_MODE, SQL_MODE='NO_AUTO_VALUE_ON_ZERO' */;
/*!40111 SET @OLD_SQL_NOTES=@@SQL_NOTES, SQL_NOTES=0 */;


# Dump of table tpAdminAccessLogs
# ------------------------------------------------------------

DROP TABLE IF EXISTS `tpAdminAccessLogs`;

CREATE TABLE `tpAdminAccessLogs` (
  `id` bigint(20) NOT NULL AUTO_INCREMENT,
  `adminId` bigint(20) NOT NULL,
  `userAgent` varchar(255) NOT NULL,
  `ipAddress` varchar(128) NOT NULL,
  `time` timestamp NOT NULL DEFAULT CURRENT_TIMESTAMP,
  PRIMARY KEY (`id`),
  KEY `adminId` (`adminId`),
  CONSTRAINT `tpadminaccesslogs_ibfk_1` FOREIGN KEY (`adminId`) REFERENCES `tpAdmins` (`id`)
) ENGINE=InnoDB DEFAULT CHARSET=latin1;

LOCK TABLES `tpAdminAccessLogs` WRITE;
/*!40000 ALTER TABLE `tpAdminAccessLogs` DISABLE KEYS */;

INSERT INTO `tpAdminAccessLogs` (`id`, `adminId`, `userAgent`, `ipAddress`, `time`)
VALUES
	(2,1,'Mozilla/5.0 (Macintosh; Intel Mac OS X 10_11_2) AppleWebKit/537.36 (KHTML, like Gecko) Chrome/47.0.2526.111 Safari/537.36','127.0.0.1','2016-01-23 22:01:56'),
	(3,1,'Mozilla/5.0 (Macintosh; Intel Mac OS X 10_11_2) AppleWebKit/537.36 (KHTML, like Gecko) Chrome/47.0.2526.111 Safari/537.36','127.0.0.1','2016-01-24 10:59:40'),
	(4,1,'Mozilla/5.0 (Macintosh; Intel Mac OS X 10_11_2) AppleWebKit/537.36 (KHTML, like Gecko) Chrome/47.0.2526.111 Safari/537.36','127.0.0.1','2016-01-24 20:13:28');

/*!40000 ALTER TABLE `tpAdminAccessLogs` ENABLE KEYS */;
UNLOCK TABLES;


# Dump of table tpAdminProfiles
# ------------------------------------------------------------

DROP TABLE IF EXISTS `tpAdminProfiles`;

CREATE TABLE `tpAdminProfiles` (
  `id` bigint(20) NOT NULL AUTO_INCREMENT,
  `adminId` bigint(20) DEFAULT NULL,
  `name` varchar(255) DEFAULT '',
  `address` varchar(255) DEFAULT '',
  `phone` varchar(255) DEFAULT '',
  `updatedAt` timestamp NOT NULL DEFAULT '0000-00-00 00:00:00' ON UPDATE CURRENT_TIMESTAMP,
  `createdAt` timestamp NOT NULL DEFAULT '0000-00-00 00:00:00',
  `deletedAt` timestamp NULL DEFAULT NULL,
  PRIMARY KEY (`id`),
  KEY `adminId` (`adminId`),
  CONSTRAINT `tpadminprofiles_ibfk_1` FOREIGN KEY (`adminId`) REFERENCES `tpAdmins` (`id`)
) ENGINE=InnoDB DEFAULT CHARSET=latin1;

LOCK TABLES `tpAdminProfiles` WRITE;
/*!40000 ALTER TABLE `tpAdminProfiles` DISABLE KEYS */;

INSERT INTO `tpAdminProfiles` (`id`, `adminId`, `name`, `address`, `phone`, `updatedAt`, `createdAt`, `deletedAt`)
VALUES
	(1,1,'','','','2016-01-23 17:20:56','2016-01-23 17:20:56',NULL),
	(2,2,'','','','2016-01-23 18:15:17','2016-01-23 18:15:17',NULL);

/*!40000 ALTER TABLE `tpAdminProfiles` ENABLE KEYS */;
UNLOCK TABLES;


# Dump of table tpAdmins
# ------------------------------------------------------------

DROP TABLE IF EXISTS `tpAdmins`;

CREATE TABLE `tpAdmins` (
  `id` bigint(20) NOT NULL AUTO_INCREMENT,
  `companyId` bigint(20) DEFAULT NULL,
  `email` varchar(255) NOT NULL,
  `password` varchar(255) NOT NULL,
  `pwdLen` int(3) NOT NULL,
  `permission` text,
  `updatedAt` timestamp NOT NULL DEFAULT '0000-00-00 00:00:00' ON UPDATE CURRENT_TIMESTAMP,
  `createdAt` timestamp NOT NULL DEFAULT '0000-00-00 00:00:00',
  `deletedAt` timestamp NULL DEFAULT NULL,
  PRIMARY KEY (`id`),
  KEY `companyId` (`companyId`),
  CONSTRAINT `tpadmins_ibfk_1` FOREIGN KEY (`companyId`) REFERENCES `tpCompanies` (`id`)
) ENGINE=InnoDB DEFAULT CHARSET=latin1;

LOCK TABLES `tpAdmins` WRITE;
/*!40000 ALTER TABLE `tpAdmins` DISABLE KEYS */;

INSERT INTO `tpAdmins` (`id`, `companyId`, `email`, `password`, `pwdLen`, `permission`, `updatedAt`, `createdAt`, `deletedAt`)
VALUES
	(1,1,'user1@trackplus.com','D648A0DF6BBD90860DC9B07B07B06D9686AFCAA8',8,NULL,'2016-01-23 17:20:56','2016-01-23 17:20:56',NULL),
	(2,1,'antonius.henry.setiawan@gmail.com','6C4EB30FE3229E4DAF8F2C2887C24F2F739A997C',16,NULL,'2016-01-23 18:15:17','2016-01-23 18:15:17',NULL);

/*!40000 ALTER TABLE `tpAdmins` ENABLE KEYS */;
UNLOCK TABLES;

DELIMITER ;;
/*!50003 SET SESSION SQL_MODE="STRICT_TRANS_TABLES,NO_ENGINE_SUBSTITUTION" */;;
/*!50003 CREATE */ /*!50017 DEFINER=`root`@`localhost` */ /*!50003 TRIGGER `createAdminProfile` AFTER INSERT ON `tpAdmins` FOR EACH ROW BEGIN
		INSERT INTO tpAdminProfiles(adminId, name, address, phone, updatedAt, createdAt)
		VALUES(NEW.id, "", "", "", NEW.updatedAt, NEW.createdAt);
	END */;;
DELIMITER ;
/*!50003 SET SESSION SQL_MODE=@OLD_SQL_MODE */;


# Dump of table tpAnnouncementMaps
# ------------------------------------------------------------

DROP TABLE IF EXISTS `tpAnnouncementMaps`;

CREATE TABLE `tpAnnouncementMaps` (
  `id` bigint(20) NOT NULL AUTO_INCREMENT,
  `announcementId` bigint(20) DEFAULT NULL,
  `projectId` bigint(20) DEFAULT NULL,
  `updatedAt` timestamp NOT NULL DEFAULT '0000-00-00 00:00:00' ON UPDATE CURRENT_TIMESTAMP,
  `createdAt` timestamp NOT NULL DEFAULT '0000-00-00 00:00:00',
  `deletedAt` timestamp NULL DEFAULT NULL,
  PRIMARY KEY (`id`),
  KEY `announcementId` (`announcementId`),
  KEY `projectId` (`projectId`),
  CONSTRAINT `tpannouncementmaps_ibfk_1` FOREIGN KEY (`announcementId`) REFERENCES `tpAnnouncements` (`id`),
  CONSTRAINT `tpannouncementmaps_ibfk_2` FOREIGN KEY (`projectId`) REFERENCES `tpProjects` (`id`)
) ENGINE=InnoDB DEFAULT CHARSET=latin1;



# Dump of table tpAnnouncements
# ------------------------------------------------------------

DROP TABLE IF EXISTS `tpAnnouncements`;

CREATE TABLE `tpAnnouncements` (
  `id` bigint(20) NOT NULL AUTO_INCREMENT,
  `companyId` bigint(20) DEFAULT NULL,
  `title` varchar(100) DEFAULT NULL,
  `content` text,
  `published` tinyint(1) DEFAULT NULL,
  `projects` text,
  `updatedAt` timestamp NOT NULL DEFAULT '0000-00-00 00:00:00' ON UPDATE CURRENT_TIMESTAMP,
  `createdAt` timestamp NOT NULL DEFAULT '0000-00-00 00:00:00',
  `deletedAt` timestamp NULL DEFAULT NULL,
  PRIMARY KEY (`id`),
  KEY `companyId` (`companyId`),
  CONSTRAINT `tpannouncements_ibfk_1` FOREIGN KEY (`companyId`) REFERENCES `tpCompanies` (`id`)
) ENGINE=InnoDB DEFAULT CHARSET=latin1;



# Dump of table tpCompanies
# ------------------------------------------------------------

DROP TABLE IF EXISTS `tpCompanies`;

CREATE TABLE `tpCompanies` (
  `id` bigint(20) NOT NULL AUTO_INCREMENT,
  `name` varchar(255) NOT NULL,
  `slug` varchar(255) DEFAULT NULL,
  `numberOfProjects` int(11) DEFAULT '1',
  `updatedAt` timestamp NOT NULL DEFAULT '0000-00-00 00:00:00' ON UPDATE CURRENT_TIMESTAMP,
  `createdAt` timestamp NOT NULL DEFAULT '0000-00-00 00:00:00',
  `deletedAt` timestamp NULL DEFAULT NULL,
  PRIMARY KEY (`id`)
) ENGINE=InnoDB DEFAULT CHARSET=latin1;

LOCK TABLES `tpCompanies` WRITE;
/*!40000 ALTER TABLE `tpCompanies` DISABLE KEYS */;

INSERT INTO `tpCompanies` (`id`, `name`, `slug`, `numberOfProjects`, `updatedAt`, `createdAt`, `deletedAt`)
VALUES
	(1,'Global\'s Bersama Utama','globals-bersama-utama1453542961',1,'2016-01-23 16:56:01','2016-01-23 16:56:01',NULL);

/*!40000 ALTER TABLE `tpCompanies` ENABLE KEYS */;
UNLOCK TABLES;


# Dump of table tpCompanyProfiles
# ------------------------------------------------------------

DROP TABLE IF EXISTS `tpCompanyProfiles`;

CREATE TABLE `tpCompanyProfiles` (
  `id` bigint(20) NOT NULL AUTO_INCREMENT,
  `companyId` bigint(20) DEFAULT NULL,
  `updatedAt` timestamp NOT NULL DEFAULT '0000-00-00 00:00:00' ON UPDATE CURRENT_TIMESTAMP,
  `createdAt` timestamp NOT NULL DEFAULT '0000-00-00 00:00:00',
  `deletedAt` timestamp NULL DEFAULT NULL,
  PRIMARY KEY (`id`),
  KEY `companyId` (`companyId`),
  CONSTRAINT `tpcompanyprofiles_ibfk_1` FOREIGN KEY (`companyId`) REFERENCES `tpCompanies` (`id`)
) ENGINE=InnoDB DEFAULT CHARSET=latin1;



# Dump of table tpMarketingProfiles
# ------------------------------------------------------------

DROP TABLE IF EXISTS `tpMarketingProfiles`;

CREATE TABLE `tpMarketingProfiles` (
  `id` bigint(20) NOT NULL AUTO_INCREMENT,
  `marketingId` bigint(20) DEFAULT NULL,
  `name` varchar(255) DEFAULT NULL,
  `address` varchar(255) DEFAULT NULL,
  `phone` varchar(255) DEFAULT NULL,
  `updatedAt` timestamp NOT NULL DEFAULT '0000-00-00 00:00:00' ON UPDATE CURRENT_TIMESTAMP,
  `createdAt` timestamp NOT NULL DEFAULT '0000-00-00 00:00:00',
  `deletedAt` timestamp NULL DEFAULT NULL,
  PRIMARY KEY (`id`),
  KEY `marketingId` (`marketingId`),
  CONSTRAINT `tpmarketingprofiles_ibfk_1` FOREIGN KEY (`marketingId`) REFERENCES `tpMarketings` (`id`)
) ENGINE=InnoDB DEFAULT CHARSET=latin1;



# Dump of table tpMarketings
# ------------------------------------------------------------

DROP TABLE IF EXISTS `tpMarketings`;

CREATE TABLE `tpMarketings` (
  `id` bigint(20) NOT NULL AUTO_INCREMENT,
  `companyId` bigint(20) DEFAULT NULL,
  `projectId` bigint(20) NOT NULL DEFAULT '0',
  `email` varchar(255) DEFAULT NULL,
  `password` varchar(255) DEFAULT NULL,
  `pwdLen` int(3) DEFAULT NULL,
  `updatedAt` timestamp NOT NULL DEFAULT '0000-00-00 00:00:00' ON UPDATE CURRENT_TIMESTAMP,
  `createdAt` timestamp NOT NULL DEFAULT '0000-00-00 00:00:00',
  `deletedAt` timestamp NULL DEFAULT NULL,
  PRIMARY KEY (`id`),
  KEY `companyId` (`companyId`),
  CONSTRAINT `tpmarketings_ibfk_1` FOREIGN KEY (`companyId`) REFERENCES `tpCompanies` (`id`)
) ENGINE=InnoDB DEFAULT CHARSET=latin1;


DELIMITER ;;
/*!50003 SET SESSION SQL_MODE="STRICT_TRANS_TABLES,NO_ENGINE_SUBSTITUTION" */;;
/*!50003 CREATE */ /*!50017 DEFINER=`root`@`localhost` */ /*!50003 TRIGGER `createMarketingProfile` AFTER INSERT ON `tpMarketings` FOR EACH ROW BEGIN
		INSERT INTO tpMarketingProfiles(marketingId, name, address, phone, updatedAt, createdAt)
		VALUES(NEW.id, "", "", "", NEW.updatedAt, NEW.createdAt);
	END */;;
DELIMITER ;
/*!50003 SET SESSION SQL_MODE=@OLD_SQL_MODE */;


# Dump of table tpProjectForms
# ------------------------------------------------------------

DROP TABLE IF EXISTS `tpProjectForms`;

CREATE TABLE `tpProjectForms` (
  `id` bigint(20) NOT NULL AUTO_INCREMENT,
  `projectId` bigint(20) DEFAULT NULL,
  `pageId` bigint(20) DEFAULT NULL,
  `name` varchar(255) DEFAULT NULL,
  `caption` varchar(255) DEFAULT NULL,
  `type` varchar(64) DEFAULT NULL,
  `isCompulsory` tinyint(1) DEFAULT NULL,
  `sequence` int(11) DEFAULT NULL,
  `dataStore` text,
  `visibilityArray` text,
  `updatedAt` timestamp NOT NULL DEFAULT '0000-00-00 00:00:00' ON UPDATE CURRENT_TIMESTAMP,
  `createdAt` timestamp NOT NULL DEFAULT '0000-00-00 00:00:00',
  `deletedAt` timestamp NULL DEFAULT NULL,
  PRIMARY KEY (`id`),
  KEY `projectId` (`projectId`),
  CONSTRAINT `tpprojectforms_ibfk_1` FOREIGN KEY (`projectId`) REFERENCES `tpProjects` (`id`)
) ENGINE=InnoDB DEFAULT CHARSET=latin1;

LOCK TABLES `tpProjectForms` WRITE;
/*!40000 ALTER TABLE `tpProjectForms` DISABLE KEYS */;

INSERT INTO `tpProjectForms` (`id`, `projectId`, `pageId`, `name`, `caption`, `type`, `isCompulsory`, `sequence`, `dataStore`, `visibilityArray`, `updatedAt`, `createdAt`, `deletedAt`)
VALUES
	(1,2,0,'Full Name','Please enter your full name','text',1,1,'a:0:{}','a:0:{}','2016-01-25 01:34:43','2016-01-25 01:34:43',NULL),
	(2,2,0,'Address','','textarea',1,2,'a:0:{}','a:0:{}','2016-01-25 02:46:19','2016-01-25 02:46:19',NULL),
	(3,2,0,'Category','Please select category you like','checkbox',1,3,'a:1:{s:6:\"values\";a:3:{i:0;s:4:\"Food\";i:1;s:7:\"Apparel\";i:2;s:10:\"Electronic\";}}','a:0:{}','2016-01-25 02:55:33','2016-01-25 02:55:33',NULL),
	(4,2,0,'Gender','Please select your gender','radio',1,4,'a:1:{s:6:\"values\";a:2:{i:0;s:4:\"Male\";i:1;s:6:\"Female\";}}','a:0:{}','2016-01-25 02:59:57','2016-01-25 02:59:57',NULL),
	(5,2,0,'Select Music','','dropdown',1,5,'a:1:{s:6:\"values\";a:3:{i:0;s:3:\"Pop\";i:1;s:4:\"Jazz\";i:2;s:4:\"Rock\";}}','a:0:{}','2016-01-25 03:04:44','2016-01-25 03:04:44',NULL),
	(6,2,0,'Phone Number','','text',0,6,'a:0:{}','a:0:{}','2016-01-25 03:14:33','2016-01-25 03:14:33',NULL),
	(7,2,0,'Baru','','text',1,7,'a:0:{}','a:0:{}','2016-01-25 03:24:07','2016-01-25 03:24:07',NULL),
	(8,2,0,'Baru','','text',1,7,'a:0:{}','a:0:{}','2016-01-25 03:24:34','2016-01-25 03:24:34',NULL),
	(9,1,1,'Item 1','','text',1,1,'a:0:{}','a:0:{}','2016-01-25 03:46:08','2016-01-25 03:45:43',NULL),
	(10,1,1,'Item 2','','text',1,2,'a:0:{}','a:0:{}','2016-01-25 03:46:55','2016-01-25 03:46:55',NULL);

/*!40000 ALTER TABLE `tpProjectForms` ENABLE KEYS */;
UNLOCK TABLES;


# Dump of table tpProjectPages
# ------------------------------------------------------------

DROP TABLE IF EXISTS `tpProjectPages`;

CREATE TABLE `tpProjectPages` (
  `id` bigint(20) NOT NULL AUTO_INCREMENT,
  `projectId` bigint(20) DEFAULT NULL,
  `name` varchar(255) DEFAULT NULL,
  `sequence` int(11) NOT NULL DEFAULT '0',
  `updatedAt` timestamp NOT NULL DEFAULT '0000-00-00 00:00:00' ON UPDATE CURRENT_TIMESTAMP,
  `createdAt` timestamp NOT NULL DEFAULT '0000-00-00 00:00:00',
  `deletedAt` timestamp NULL DEFAULT NULL,
  PRIMARY KEY (`id`),
  KEY `projectId` (`projectId`),
  CONSTRAINT `tpprojectpages_ibfk_1` FOREIGN KEY (`projectId`) REFERENCES `tpProjects` (`id`)
) ENGINE=InnoDB DEFAULT CHARSET=latin1;

LOCK TABLES `tpProjectPages` WRITE;
/*!40000 ALTER TABLE `tpProjectPages` DISABLE KEYS */;

INSERT INTO `tpProjectPages` (`id`, `projectId`, `name`, `sequence`, `updatedAt`, `createdAt`, `deletedAt`)
VALUES
	(1,1,'Page 1',1,'2016-01-24 17:34:38','2016-01-23 17:24:50',NULL),
	(2,1,'Page 2',2,'2016-01-23 23:19:22','2016-01-23 22:05:12','2016-01-23 23:19:22'),
	(3,1,'Page 3',2,'2016-01-24 11:06:24','2016-01-23 22:06:01',NULL),
	(4,1,'Page 4',4,'2016-01-23 23:19:21','2016-01-23 22:07:30','2016-01-23 23:19:21'),
	(5,1,'Page 5',3,'2016-01-24 17:34:38','2016-01-23 22:09:12',NULL),
	(6,1,'Page 6',6,'2016-01-23 23:19:19','2016-01-23 22:09:51','2016-01-23 23:19:19'),
	(7,1,'Page 7',4,'2016-01-24 17:34:38','2016-01-23 22:10:28',NULL),
	(8,1,'Page 8',8,'2016-01-23 23:19:17','2016-01-23 22:12:22','2016-01-23 23:19:17'),
	(9,1,'Page 9',5,'2016-01-24 11:05:41','2016-01-23 22:13:02',NULL),
	(10,1,'Page 10',10,'2016-01-23 23:19:11','2016-01-23 22:16:29','2016-01-23 23:19:11'),
	(11,1,'Page 11',6,'2016-01-24 11:05:41','2016-01-23 22:17:19',NULL),
	(12,1,'Page 12',12,'2016-01-23 23:18:41','2016-01-23 22:18:08','2016-01-23 23:18:41'),
	(14,1,'Page 13',7,'2016-01-24 11:05:41','2016-01-23 23:03:50',NULL),
	(15,1,'Page 14',14,'2016-01-23 23:18:37','2016-01-23 23:04:26','2016-01-23 23:18:37'),
	(16,1,'Page 1',14,'2016-01-24 01:07:12','2016-01-24 01:06:29','2016-01-24 01:07:12'),
	(17,1,'Page 1',14,'2016-01-24 01:09:33','2016-01-24 01:07:18','2016-01-24 01:09:33'),
	(18,1,'Page 1',15,'2016-01-24 01:09:32','2016-01-24 01:09:30','2016-01-24 01:09:32'),
	(19,1,'Page 2',14,'2016-01-24 01:11:19','2016-01-24 01:11:10','2016-01-24 01:11:19'),
	(20,1,'Page 1',15,'2016-01-24 01:11:18','2016-01-24 01:11:15','2016-01-24 01:11:18'),
	(21,1,'Page 1',14,'2016-01-24 01:12:21','2016-01-24 01:12:18','2016-01-24 01:12:21'),
	(22,1,'page 1',14,'2016-01-24 01:14:41','2016-01-24 01:14:39','2016-01-24 01:14:41'),
	(23,1,'Page 1',14,'2016-01-24 01:14:47','2016-01-24 01:14:45','2016-01-24 01:14:47'),
	(24,1,'Page 22',14,'2016-01-24 01:27:30','2016-01-24 01:27:28','2016-01-24 01:27:30'),
	(25,1,'Page 15',8,'2016-01-24 11:05:41','2016-01-24 01:27:58',NULL);

/*!40000 ALTER TABLE `tpProjectPages` ENABLE KEYS */;
UNLOCK TABLES;


# Dump of table tpProjects
# ------------------------------------------------------------

DROP TABLE IF EXISTS `tpProjects`;

CREATE TABLE `tpProjects` (
  `id` bigint(20) NOT NULL AUTO_INCREMENT,
  `companyId` bigint(20) DEFAULT NULL,
  `name` varchar(255) DEFAULT NULL,
  `description` text,
  `havePage` tinyint(1) DEFAULT '0',
  `slug` varchar(255) NOT NULL,
  `updatedAt` timestamp NOT NULL DEFAULT '0000-00-00 00:00:00' ON UPDATE CURRENT_TIMESTAMP,
  `createdAt` timestamp NOT NULL DEFAULT '0000-00-00 00:00:00',
  `deletedAt` timestamp NULL DEFAULT NULL,
  `published` int(11) DEFAULT NULL,
  PRIMARY KEY (`id`),
  KEY `companyId` (`companyId`),
  CONSTRAINT `tpprojects_ibfk_1` FOREIGN KEY (`companyId`) REFERENCES `tpCompanies` (`id`)
) ENGINE=InnoDB DEFAULT CHARSET=latin1;

LOCK TABLES `tpProjects` WRITE;
/*!40000 ALTER TABLE `tpProjects` DISABLE KEYS */;

INSERT INTO `tpProjects` (`id`, `companyId`, `name`, `description`, `havePage`, `slug`, `updatedAt`, `createdAt`, `deletedAt`, `published`)
VALUES
	(1,1,'Project 1','Ini adalah project 1',1,'project-1','2016-01-23 17:24:38','2016-01-23 17:24:38',NULL,NULL),
	(2,1,'Project 2','Project tanpa page',0,'project-2','2016-01-25 00:50:50','2016-01-25 00:50:50',NULL,NULL);

/*!40000 ALTER TABLE `tpProjects` ENABLE KEYS */;
UNLOCK TABLES;


# Dump of table tpSessions
# ------------------------------------------------------------

DROP TABLE IF EXISTS `tpSessions`;

CREATE TABLE `tpSessions` (
  `id` varchar(40) NOT NULL,
  `ip_address` varchar(45) NOT NULL,
  `timestamp` int(10) unsigned NOT NULL DEFAULT '0',
  `data` blob NOT NULL,
  PRIMARY KEY (`id`),
  KEY `ci_sessions_timestamp` (`timestamp`)
) ENGINE=InnoDB DEFAULT CHARSET=latin1;

LOCK TABLES `tpSessions` WRITE;
/*!40000 ALTER TABLE `tpSessions` DISABLE KEYS */;

INSERT INTO `tpSessions` (`id`, `ip_address`, `timestamp`, `data`)
VALUES
	('00c3a36f594ed11f0c887726f6e161fab350d6b4','127.0.0.1',1453665884,X'5F5F63695F6C6173745F726567656E65726174657C693A313435333636353536383B706167654A537C613A313A7B733A363A22706167654A53223B613A313A7B733A31303A226A617661736372697074223B733A303A22223B7D7D747261636B706C75737C613A313A7B733A343A2275736572223B613A333A7B733A323A226964223B733A313A2231223B733A393A22636F6D70616E794964223B733A313A2231223B733A31303A226C6F67696E5F74696D65223B693A313435333634313230383B7D7D'),
	('07133a833c17554c6faf398ddeb2747ee40fcdbb','127.0.0.1',1453657946,X'5F5F63695F6C6173745F726567656E65726174657C693A313435333635373637393B706167654A537C613A313A7B733A363A22706167654A53223B613A313A7B733A31303A226A617661736372697074223B733A303A22223B7D7D747261636B706C75737C613A313A7B733A343A2275736572223B613A333A7B733A323A226964223B733A313A2231223B733A393A22636F6D70616E794964223B733A313A2231223B733A31303A226C6F67696E5F74696D65223B693A313435333634313230383B7D7D'),
	('09fd2b3ea331071d6c0b9167e1bec0e980edc4b3','127.0.0.1',1453659791,X'5F5F63695F6C6173745F726567656E65726174657C693A313435333635393435373B706167654A537C613A313A7B733A363A22706167654A53223B613A313A7B733A31303A226A617661736372697074223B733A303A22223B7D7D747261636B706C75737C613A313A7B733A343A2275736572223B613A333A7B733A323A226964223B733A313A2231223B733A393A22636F6D70616E794964223B733A313A2231223B733A31303A226C6F67696E5F74696D65223B693A313435333634313230383B7D7D'),
	('0a4a593179bdf594a2883a544f55909e66ec9b1b','127.0.0.1',1453662242,X'5F5F63695F6C6173745F726567656E65726174657C693A313435333636323234323B706167654A537C613A313A7B733A363A22706167654A53223B613A313A7B733A31303A226A617661736372697074223B733A303A22223B7D7D747261636B706C75737C613A313A7B733A343A2275736572223B613A333A7B733A323A226964223B733A313A2231223B733A393A22636F6D70616E794964223B733A313A2231223B733A31303A226C6F67696E5F74696D65223B693A313435333634313230383B7D7D'),
	('11195a0f8f6231d405cc0d80708f4e058aa8da64','127.0.0.1',1453661365,X'5F5F63695F6C6173745F726567656E65726174657C693A313435333636313231323B706167654A537C613A313A7B733A363A22706167654A53223B613A313A7B733A31303A226A617661736372697074223B733A303A22223B7D7D747261636B706C75737C613A313A7B733A343A2275736572223B613A333A7B733A323A226964223B733A313A2231223B733A393A22636F6D70616E794964223B733A313A2231223B733A31303A226C6F67696E5F74696D65223B693A313435333634313230383B7D7D'),
	('3204c6f64fd1c2168d6fc2cdd09c88c6b796c521','127.0.0.1',1453646214,X'5F5F63695F6C6173745F726567656E65726174657C693A313435333634343938303B706167654A537C613A313A7B733A363A22706167654A53223B613A313A7B733A31303A226A617661736372697074223B733A303A22223B7D7D747261636B706C75737C613A313A7B733A343A2275736572223B613A333A7B733A323A226964223B733A313A2231223B733A393A22636F6D70616E794964223B733A313A2231223B733A31303A226C6F67696E5F74696D65223B693A313435333634313230383B7D7D'),
	('336450ba459d00c272b9ffb8d36e61ca386d22bb','127.0.0.1',1453661187,X'5F5F63695F6C6173745F726567656E65726174657C693A313435333636303930313B706167654A537C613A313A7B733A363A22706167654A53223B613A313A7B733A31303A226A617661736372697074223B733A303A22223B7D7D747261636B706C75737C613A313A7B733A343A2275736572223B613A333A7B733A323A226964223B733A313A2231223B733A393A22636F6D70616E794964223B733A313A2231223B733A31303A226C6F67696E5F74696D65223B693A313435333634313230383B7D7D'),
	('3b08c9779327ed132973c6990a00b9afad477eed','127.0.0.1',1453658987,X'5F5F63695F6C6173745F726567656E65726174657C693A313435333635383733353B706167654A537C613A313A7B733A363A22706167654A53223B613A313A7B733A31303A226A617661736372697074223B733A303A22223B7D7D747261636B706C75737C613A313A7B733A343A2275736572223B613A333A7B733A323A226964223B733A313A2231223B733A393A22636F6D70616E794964223B733A313A2231223B733A31303A226C6F67696E5F74696D65223B693A313435333634313230383B7D7D'),
	('422bcd1f706444d9295f7ac8e6746ba46bb42d9c','127.0.0.1',1453654916,X'5F5F63695F6C6173745F726567656E65726174657C693A313435333635343730323B706167654A537C613A313A7B733A363A22706167654A53223B613A313A7B733A31303A226A617661736372697074223B733A303A22223B7D7D747261636B706C75737C613A313A7B733A343A2275736572223B613A333A7B733A323A226964223B733A313A2231223B733A393A22636F6D70616E794964223B733A313A2231223B733A31303A226C6F67696E5F74696D65223B693A313435333634313230383B7D7D'),
	('42f16fd7612f6ca17aeafd032e5006d659f8c24e','127.0.0.1',1453649515,X'5F5F63695F6C6173745F726567656E65726174657C693A313435333634393333373B706167654A537C613A313A7B733A363A22706167654A53223B613A313A7B733A31303A226A617661736372697074223B733A303A22223B7D7D747261636B706C75737C613A313A7B733A343A2275736572223B613A333A7B733A323A226964223B733A313A2231223B733A393A22636F6D70616E794964223B733A313A2231223B733A31303A226C6F67696E5F74696D65223B693A313435333634313230383B7D7D'),
	('4316ff8ee1ffaf56dae8cb0171e7d92ebd36adef','127.0.0.1',1453650921,X'5F5F63695F6C6173745F726567656E65726174657C693A313435333635303633333B706167654A537C613A313A7B733A363A22706167654A53223B613A313A7B733A31303A226A617661736372697074223B733A38303A2224282223666F726D4974656D4F7074696F6E734D6F64616C22292E6F6E282273686F77222C2066756E6374696F6E2829207B20636F6E736F6C652E6C6F67282273617665206974656D22293B207D293B223B7D7D747261636B706C75737C613A313A7B733A343A2275736572223B613A333A7B733A323A226964223B733A313A2231223B733A393A22636F6D70616E794964223B733A313A2231223B733A31303A226C6F67696E5F74696D65223B693A313435333634313230383B7D7D'),
	('45d50be4b4344e93d643fdced04329082490e063','127.0.0.1',1453667486,X'5F5F63695F6C6173745F726567656E65726174657C693A313435333636373434333B706167654A537C613A313A7B733A363A22706167654A53223B613A313A7B733A31303A226A617661736372697074223B733A303A22223B7D7D747261636B706C75737C613A313A7B733A343A2275736572223B613A333A7B733A323A226964223B733A313A2231223B733A393A22636F6D70616E794964223B733A313A2231223B733A31303A226C6F67696E5F74696D65223B693A313435333634313230383B7D7D'),
	('49e9e477b4eb60fa322489f087008a6e62878673','127.0.0.1',1453665567,X'5F5F63695F6C6173745F726567656E65726174657C693A313435333636353236373B706167654A537C613A313A7B733A363A22706167654A53223B613A313A7B733A31303A226A617661736372697074223B733A303A22223B7D7D747261636B706C75737C613A313A7B733A343A2275736572223B613A333A7B733A323A226964223B733A313A2231223B733A393A22636F6D70616E794964223B733A313A2231223B733A31303A226C6F67696E5F74696D65223B693A313435333634313230383B7D7D'),
	('4a09c220fbd797347bb57222d12f177de06a38fa','127.0.0.1',1453657264,X'5F5F63695F6C6173745F726567656E65726174657C693A313435333635363331353B706167654A537C613A313A7B733A363A22706167654A53223B613A313A7B733A31303A226A617661736372697074223B733A303A22223B7D7D747261636B706C75737C613A313A7B733A343A2275736572223B613A333A7B733A323A226964223B733A313A2231223B733A393A22636F6D70616E794964223B733A313A2231223B733A31303A226C6F67696E5F74696D65223B693A313435333634313230383B7D7D'),
	('4c07a8bb704c74853a64db708fdd7fbde1126f34','127.0.0.1',1453657661,X'5F5F63695F6C6173745F726567656E65726174657C693A313435333635373337323B706167654A537C613A313A7B733A363A22706167654A53223B613A313A7B733A31303A226A617661736372697074223B733A303A22223B7D7D747261636B706C75737C613A313A7B733A343A2275736572223B613A333A7B733A323A226964223B733A313A2231223B733A393A22636F6D70616E794964223B733A313A2231223B733A31303A226C6F67696E5F74696D65223B693A313435333634313230383B7D7D'),
	('505263963039ec0d6767f03563133a167f86a6ca','127.0.0.1',1453668954,X'5F5F63695F6C6173745F726567656E65726174657C693A313435333636383738333B706167654A537C613A313A7B733A363A22706167654A53223B613A313A7B733A31303A226A617661736372697074223B733A303A22223B7D7D747261636B706C75737C613A313A7B733A343A2275736572223B613A333A7B733A323A226964223B733A313A2231223B733A393A22636F6D70616E794964223B733A313A2231223B733A31303A226C6F67696E5F74696D65223B693A313435333634313230383B7D7D'),
	('53dc461a02f56d478afd99f83fd3e9f2a1118932','127.0.0.1',1453668781,X'5F5F63695F6C6173745F726567656E65726174657C693A313435333636383436383B706167654A537C613A313A7B733A363A22706167654A53223B613A313A7B733A31303A226A617661736372697074223B733A303A22223B7D7D747261636B706C75737C613A313A7B733A343A2275736572223B613A333A7B733A323A226964223B733A313A2231223B733A393A22636F6D70616E794964223B733A313A2231223B733A31303A226C6F67696E5F74696D65223B693A313435333634313230383B7D7D'),
	('549408499fa866da3a12f6739deda609c09640a4','127.0.0.1',1453664916,X'5F5F63695F6C6173745F726567656E65726174657C693A313435333636343931363B706167654A537C613A313A7B733A363A22706167654A53223B613A313A7B733A31303A226A617661736372697074223B733A303A22223B7D7D747261636B706C75737C613A313A7B733A343A2275736572223B613A333A7B733A323A226964223B733A313A2231223B733A393A22636F6D70616E794964223B733A313A2231223B733A31303A226C6F67696E5F74696D65223B693A313435333634313230383B7D7D'),
	('58907fd16e00b6fbd63c58c7542c559c8bcc2017','127.0.0.1',1453658418,X'5F5F63695F6C6173745F726567656E65726174657C693A313435333635383431323B706167654A537C613A313A7B733A363A22706167654A53223B613A313A7B733A31303A226A617661736372697074223B733A303A22223B7D7D747261636B706C75737C613A313A7B733A343A2275736572223B613A333A7B733A323A226964223B733A313A2231223B733A393A22636F6D70616E794964223B733A313A2231223B733A31303A226C6F67696E5F74696D65223B693A313435333634313230383B7D7D'),
	('67aa8ceac76db84c5ef13f1913e5dca3082488cf','127.0.0.1',1453664841,X'5F5F63695F6C6173745F726567656E65726174657C693A313435333636343534393B706167654A537C613A313A7B733A363A22706167654A53223B613A313A7B733A31303A226A617661736372697074223B733A303A22223B7D7D747261636B706C75737C613A313A7B733A343A2275736572223B613A333A7B733A323A226964223B733A313A2231223B733A393A22636F6D70616E794964223B733A313A2231223B733A31303A226C6F67696E5F74696D65223B693A313435333634313230383B7D7D'),
	('6aa36a47deccdb0f2db7c9dc036e1bc9b28c9d56','127.0.0.1',1453659872,X'5F5F63695F6C6173745F726567656E65726174657C693A313435333635393830343B706167654A537C613A313A7B733A363A22706167654A53223B613A313A7B733A31303A226A617661736372697074223B733A303A22223B7D7D747261636B706C75737C613A313A7B733A343A2275736572223B613A333A7B733A323A226964223B733A313A2231223B733A393A22636F6D70616E794964223B733A313A2231223B733A31303A226C6F67696E5F74696D65223B693A313435333634313230383B7D7D'),
	('78711e028d4c4a713be2a7418f02216507e2ed49','127.0.0.1',1453651266,X'5F5F63695F6C6173745F726567656E65726174657C693A313435333635303937363B706167654A537C613A313A7B733A363A22706167654A53223B613A313A7B733A31303A226A617661736372697074223B733A303A22223B7D7D747261636B706C75737C613A313A7B733A343A2275736572223B613A333A7B733A323A226964223B733A313A2231223B733A393A22636F6D70616E794964223B733A313A2231223B733A31303A226C6F67696E5F74696D65223B693A313435333634313230383B7D7D'),
	('8087a5b3dd7ea53ed4fe0b330fbb30b59361d336','127.0.0.1',1453656230,X'5F5F63695F6C6173745F726567656E65726174657C693A313435333635353934303B706167654A537C613A313A7B733A363A22706167654A53223B613A313A7B733A31303A226A617661736372697074223B733A303A22223B7D7D747261636B706C75737C613A313A7B733A343A2275736572223B613A333A7B733A323A226964223B733A313A2231223B733A393A22636F6D70616E794964223B733A313A2231223B733A31303A226C6F67696E5F74696D65223B693A313435333634313230383B7D7D'),
	('85f25c28ff8e43a9397fbec8b96cc842fbf55702','127.0.0.1',1453663741,X'5F5F63695F6C6173745F726567656E65726174657C693A313435333636333631373B706167654A537C613A313A7B733A363A22706167654A53223B613A313A7B733A31303A226A617661736372697074223B733A303A22223B7D7D747261636B706C75737C613A313A7B733A343A2275736572223B613A333A7B733A323A226964223B733A313A2231223B733A393A22636F6D70616E794964223B733A313A2231223B733A31303A226C6F67696E5F74696D65223B693A313435333634313230383B7D7D'),
	('9092d2bea74cbf677063faee2c74e15d86c8fe25','127.0.0.1',1453648606,X'5F5F63695F6C6173745F726567656E65726174657C693A313435333634383537343B706167654A537C613A313A7B733A363A22706167654A53223B613A313A7B733A31303A226A617661736372697074223B733A303A22223B7D7D747261636B706C75737C613A313A7B733A343A2275736572223B613A333A7B733A323A226964223B733A313A2231223B733A393A22636F6D70616E794964223B733A313A2231223B733A31303A226C6F67696E5F74696D65223B693A313435333634313230383B7D7D'),
	('a0a7af890ffe6cdda5ff36444eeed14f5c7cb151','127.0.0.1',1453666476,X'5F5F63695F6C6173745F726567656E65726174657C693A313435333636363236393B706167654A537C613A313A7B733A363A22706167654A53223B613A313A7B733A31303A226A617661736372697074223B733A303A22223B7D7D747261636B706C75737C613A313A7B733A343A2275736572223B613A333A7B733A323A226964223B733A313A2231223B733A393A22636F6D70616E794964223B733A313A2231223B733A31303A226C6F67696E5F74696D65223B693A313435333634313230383B7D7D'),
	('a244a20bd7bbf47a42496973885d52db48687cfd','127.0.0.1',1453667074,X'5F5F63695F6C6173745F726567656E65726174657C693A313435333636363734303B706167654A537C613A313A7B733A363A22706167654A53223B613A313A7B733A31303A226A617661736372697074223B733A303A22223B7D7D747261636B706C75737C613A313A7B733A343A2275736572223B613A333A7B733A323A226964223B733A313A2231223B733A393A22636F6D70616E794964223B733A313A2231223B733A31303A226C6F67696E5F74696D65223B693A313435333634313230383B7D7D'),
	('a67e7c9853f186cd1ec8776c50f00b3cfec774fa','127.0.0.1',1453668430,X'5F5F63695F6C6173745F726567656E65726174657C693A313435333636383136313B706167654A537C613A313A7B733A363A22706167654A53223B613A313A7B733A31303A226A617661736372697074223B733A303A22223B7D7D747261636B706C75737C613A313A7B733A343A2275736572223B613A333A7B733A323A226964223B733A313A2231223B733A393A22636F6D70616E794964223B733A313A2231223B733A31303A226C6F67696E5F74696D65223B693A313435333634313230383B7D7D'),
	('b36c1d3e2795ef3763603792c3cf0e011fec5f76','127.0.0.1',1453663581,X'5F5F63695F6C6173745F726567656E65726174657C693A313435333636333239343B706167654A537C613A313A7B733A363A22706167654A53223B613A313A7B733A31303A226A617661736372697074223B733A303A22223B7D7D747261636B706C75737C613A313A7B733A343A2275736572223B613A333A7B733A323A226964223B733A313A2231223B733A393A22636F6D70616E794964223B733A313A2231223B733A31303A226C6F67696E5F74696D65223B693A313435333634313230383B7D7D'),
	('bf75e6dc6e8f5a40fdefa0a9c1dcd205ca79cb29','127.0.0.1',1453666013,X'5F5F63695F6C6173745F726567656E65726174657C693A313435333636353838363B706167654A537C613A313A7B733A363A22706167654A53223B613A313A7B733A31303A226A617661736372697074223B733A303A22223B7D7D747261636B706C75737C613A313A7B733A343A2275736572223B613A333A7B733A323A226964223B733A313A2231223B733A393A22636F6D70616E794964223B733A313A2231223B733A31303A226C6F67696E5F74696D65223B693A313435333634313230383B7D7D'),
	('c5c3069bfe837fe8a41637e60fe9a7d4e609d84b','127.0.0.1',1453649942,X'5F5F63695F6C6173745F726567656E65726174657C693A313435333634393733353B706167654A537C613A313A7B733A363A22706167654A53223B613A313A7B733A31303A226A617661736372697074223B733A303A22223B7D7D747261636B706C75737C613A313A7B733A343A2275736572223B613A333A7B733A323A226964223B733A313A2231223B733A393A22636F6D70616E794964223B733A313A2231223B733A31303A226C6F67696E5F74696D65223B693A313435333634313230383B7D7D'),
	('c95f2d326087e6de9fa6be49ef38fe16bf351c7e','127.0.0.1',1453660483,X'5F5F63695F6C6173745F726567656E65726174657C693A313435333636303435383B706167654A537C613A313A7B733A363A22706167654A53223B613A313A7B733A31303A226A617661736372697074223B733A303A22223B7D7D747261636B706C75737C613A313A7B733A343A2275736572223B613A333A7B733A323A226964223B733A313A2231223B733A393A22636F6D70616E794964223B733A313A2231223B733A31303A226C6F67696E5F74696D65223B693A313435333634313230383B7D7D'),
	('d1195944be44b66910fe78fd95a355e6bf41a05d','127.0.0.1',1453664390,X'5F5F63695F6C6173745F726567656E65726174657C693A313435333636343138353B706167654A537C613A313A7B733A363A22706167654A53223B613A313A7B733A31303A226A617661736372697074223B733A303A22223B7D7D747261636B706C75737C613A313A7B733A343A2275736572223B613A333A7B733A323A226964223B733A313A2231223B733A393A22636F6D70616E794964223B733A313A2231223B733A31303A226C6F67696E5F74696D65223B693A313435333634313230383B7D7D'),
	('ddf2457f13e9d4a14150e36678392feb421c20c8','127.0.0.1',1453650567,X'5F5F63695F6C6173745F726567656E65726174657C693A313435333635303332333B706167654A537C613A313A7B733A363A22706167654A53223B613A313A7B733A31303A226A617661736372697074223B733A303A22223B7D7D747261636B706C75737C613A313A7B733A343A2275736572223B613A333A7B733A323A226964223B733A313A2231223B733A393A22636F6D70616E794964223B733A313A2231223B733A31303A226C6F67696E5F74696D65223B693A313435333634313230383B7D7D'),
	('e3f6c94c9f4b3a67240ecfabe50acf5615095d61','127.0.0.1',1453655337,X'5F5F63695F6C6173745F726567656E65726174657C693A313435333635353034323B706167654A537C613A313A7B733A363A22706167654A53223B613A313A7B733A31303A226A617661736372697074223B733A303A22223B7D7D747261636B706C75737C613A313A7B733A343A2275736572223B613A333A7B733A323A226964223B733A313A2231223B733A393A22636F6D70616E794964223B733A313A2231223B733A31303A226C6F67696E5F74696D65223B693A313435333634313230383B7D7D'),
	('e8b779f1009be409b174f4d86a248d39418c85c4','127.0.0.1',1453658343,X'5F5F63695F6C6173745F726567656E65726174657C693A313435333635373938323B706167654A537C613A313A7B733A363A22706167654A53223B613A313A7B733A31303A226A617661736372697074223B733A303A22223B7D7D747261636B706C75737C613A313A7B733A343A2275736572223B613A333A7B733A323A226964223B733A313A2231223B733A393A22636F6D70616E794964223B733A313A2231223B733A31303A226C6F67696E5F74696D65223B693A313435333634313230383B7D7D'),
	('ea276843a59e9e9c1af6ff7d1370b92f977fab66','127.0.0.1',1453667076,X'5F5F63695F6C6173745F726567656E65726174657C693A313435333636373037363B706167654A537C613A313A7B733A363A22706167654A53223B613A313A7B733A31303A226A617661736372697074223B733A303A22223B7D7D747261636B706C75737C613A313A7B733A343A2275736572223B613A333A7B733A323A226964223B733A313A2231223B733A393A22636F6D70616E794964223B733A313A2231223B733A31303A226C6F67696E5F74696D65223B693A313435333634313230383B7D7D'),
	('ffb3b6c72d9be24c70fae026da40f894c5416db1','127.0.0.1',1453651382,X'5F5F63695F6C6173745F726567656E65726174657C693A313435333635313238323B706167654A537C613A313A7B733A363A22706167654A53223B613A313A7B733A31303A226A617661736372697074223B733A303A22223B7D7D747261636B706C75737C613A313A7B733A343A2275736572223B613A333A7B733A323A226964223B733A313A2231223B733A393A22636F6D70616E794964223B733A313A2231223B733A31303A226C6F67696E5F74696D65223B693A313435333634313230383B7D7D');

/*!40000 ALTER TABLE `tpSessions` ENABLE KEYS */;
UNLOCK TABLES;



/*!40111 SET SQL_NOTES=@OLD_SQL_NOTES */;
/*!40101 SET SQL_MODE=@OLD_SQL_MODE */;
/*!40014 SET FOREIGN_KEY_CHECKS=@OLD_FOREIGN_KEY_CHECKS */;
/*!40101 SET CHARACTER_SET_CLIENT=@OLD_CHARACTER_SET_CLIENT */;
/*!40101 SET CHARACTER_SET_RESULTS=@OLD_CHARACTER_SET_RESULTS */;
/*!40101 SET COLLATION_CONNECTION=@OLD_COLLATION_CONNECTION */;
